,,,,,,,,,,,,,
,LEGENDA:,ATIVIDADE PERIÓDICA,,,,,,,,,,,
,,ATIVIDADE CONCLUÍDA,,,,,,,,,,,
,,ATIVIDADE INICIADA,,,,,,,,,,,
,,ATIVIDADE PRIORITÁRIA,,,,,,,,,,,
,,,,,,,,,,,,,
,PLANO ESTRATÉGICO BGF ,,,,,,,,,,,,
,,,,,,,,,,,,,
,"PESSOAL, POR FAVOR, ATUALIZAR OS STATUS DE CADA ÁREA, E CASO TENHAM ALGO A ACRESCENTAR PODEM COLOCAR!!! PROXIMA REUNIÃO DIA 24/01/2025.",,,,Não Iniciado,      LEGENDA DOS STATUS,Periódico,,,Iniciado,Concluído,,
,,,,,,,,,,,,,
,,,,,,,,,,,,,
,Área,Plano Estratégico,O que fazer - para executar o plano,Status,Responsável,Prioridades,"Data de início
real","Data de término
real",OBSERVAÇÕES,"Data de início
antecipado","Data de término
antecipado",Custo estimado,"Real
Custo"
,DIRETORIA,1. Ser sustentável  a todos  - todas área gerando lucros,calculo retorno de cada projeto,Iniciado,Flavio ,,28/06/2025,,,01/07/2025,01/08/2025,R$ 1.500,R$ 1.250
,DIRETORIA,7. Criar área de Projetos - Treinar e capacitar pessoas,,Iniciado,Flávio / Caio,,,,,,,,
,DIRETORIA,3 . Aumentar número de clientes e novos negócios Comercial mais assertivo ,numero de novos clientes efetivos,Periódico,Flavio ,,,,,01/08/2025,20/08/2025,R$ 1.450,
,DIRETORIA,4 . Diminuir despesas e aumentar controles - Sistemas conversando (Travas),planilha financeira ,Periódico,Flavio ,,01/06/2025,28/06/2025,,01/06/2025,01/07/2025,R$ 3.000,R$ 3.200
,DIRETORIA,5 . Aumentar eficiência (reduzir tempo de elaboração de relatórios ) – Sistemas e Boas práticas ,,Periódico,Flavio ,,,,,01/09/2025,15/09/2025,R$ 500,
,DIRETORIA,6. Ampliar Análise de Projetos- Melhorar gestão e treinamentos,número de treinamentos e pessoas,Periódico,Flavio ,,,,,,,R$ 575,R$ 125
,DIRETORIA,7. Criar área de Eficiência energética - Treinar e capacitar pessoas,qto treinamentos ,Concluído,Flavio ,,,,,12/09/2025,25/09/2025,R$ 1.750,
,DIRETORIA,"8.  Utilizar o Flávio onde ele faz diferença !! Solução de problemas, novos negócios.",,Concluído,Flavio ,,01/07/2025,,,01/07/2025,01/10/2025,R$ 925,R$ 250
,FINANCEIRO ,1. Cuidar do dia a dia dos Bancos ,Liberar acesso aos bancos para inclusão de pagamentos.,Concluído,Lilian ,,01/01/2023,01/01/2023,,01/01/2023,01/01/2023,R$ 0,R$ 0
,FINANCEIRO ,2. Trabalhar por projetos ,Exportar relatórios gerenciais do Omie por projetos. Agendar treinamento com consultor do Omie para verificar a melhor maneira de gerar esses relatórios.,Iniciado,Lilian ,1,,,,01/01/2025,01/07/2025,R$ 2.000,
,FINANCEIRO ,3. OMIE futuro (gerenciamento),"Verificar junto com o Flávio os relatórios gerados pelo Omie e analisar os ajustes que seriam necessários. Realizar treinamento com consultor da Omie, se necessário.",Iniciado,Lilian ,2,,,,01/01/2025,01/07/2025,R$ 2.000,
,FINANCEIRO ,4. Gerenciar custos h/h por projetos ,Pesquisar e analisar aplicativos de controle de horas por projeto.,Iniciado,Lilian ,3,,,,01/01/2025,01/07/2025,R$ 500,
,FINANCEIRO ,5. Fechar os ajustes dos CLT   ,Pesquisar quais são as alternativas para pagamento da diferença do valor de CLTs (atividade em conjunto com o Flávio),Iniciado,Lilian ,,,,,01/01/2025,01/07/2025,,
,FINANCEIRO ,6. Mudança de Contabilidade (meio do ano) ,"Preparação para início das atividades com a nova contabilidade, verificar todas as pendências contábeis antigas, criar pastas no Drive para incluir arquivos, manter lançamentos do Omie atualizados.",Concluído,Lilian ,,,,,01/05/2025,01/07/2025,,
,FINANCEIRO ,7. Mudança da política de recebimento de pagamentos da BGF (apenas por boleto),"Elaborar boletim informativo informando as novas diretrizes, enviar para todos os clientes que pagam por transferência.",Concluído,Lilian / Letícia,,,,,01/01/2025,01/03/2025,,
,FINANCEIRO ,8. Atualizar lançamentos no Omie que estavam em atraso,Colocar todos os lançamentos em dia.,Concluído,Lilian,,,,,01/01/2024,01/06/2024,,
,FINANCEIRO ,9. Mudar processo de preenchimento do gerenciamento de fluxo para manter sempre atualizado / Preenchimento das informações de fechamento financeiro para o Everton da Berrytech,Passar a preencher a aba fluxo (antes preenchida pela Vivian) e atualizar as informações diariamente.,Concluído,Lilian,,,,,01/02/2023,01/02/2024,,
,FINANCEIRO ,"10. Emissão de notas (descentralização / otimização do processo)
","Treinar Letícia para emissão/cancelamento/substituição de notas, emissão de boletos bancários e processo mais rápido para emissão de notas no primeiro dia útil do mês.  ",Concluído,Lilian,,,,,01/02/2023,01/01/2024,,
,FINANCEIRO ,11. Colocar as planilhas no Google (gerenciamento e detalhamento) permitindo que todos tenham acesso as informações,Inserir planilhas no Google e realizar as permissões de cada usuário (visualização / edição),Concluído,Lilian,,,,,01/01/2024,01/12/2024,,
,FINANCEIRO ,12. Ações para melhoria da gestão finaneira (aplicações CDB / negociação de tarifas bancárias),"Realizar investimentos no CDB, negociação de tarifas bancárias, rever processos de faturamentos.",Concluído,Lilian,,,,,01/01/2024,01/12/2024,,
,FINANCEIRO ,13. Emissão de ARTs de São Paulo ,Emissão de ARTs e outras atividades da Vivian em períodos de alta demanda para que não gere atrasos.,Concluído,Lilian,,,,,01/01/2024,01/12/2024,,
,FINANCEIRO ,14. Atualização do procedimento e formulários de aquisição de materiais e serviços e avaliação de fornecedores,Revisão de todo o processo e formulários.,Concluído,Lilian,,,,,01/09/2024,01/12/2024,,
,COMERCIAL ,1 Ampliar departamento comercial – Maior poder de venda ,"Estamos passando por uma baixa no momento, porém ganhando na parte técnica, em 3 meses teremos maior independencia do setor e maior poder de acompanhamento dos clientes",Concluído,Caio ,,01/06/2024,26/09/2024,,,,,
,COMERCIAL ,2 Reduzir tempo de respostas propostas,Aumentamos o número de tabelas de precificação e estamos trabalhando na capacitação do Régis com maio entendimento técnico para auxiliar na elaboração das propostas. ,Concluído,Caio ,,01/01/2025,20/02/2025,,,,,
,COMERCIAL ,3. Definição de políticas e contratos ,Realizado em conjunto com a Beatriz https://docs.google.com/document/d/15s3esE8p16p62AWTsoZjH_Hau5U7kskpYFCvljzyiMc/edit?usp=sharing,Concluído,Caio ,,06/12/2023,19/06/2024,,,,R$ 0,R$ 0
,COMERCIAL ,4. Ferramenta WhatsApp,Apresentando funcionalidades e orçamentos mas não foi aprovado pela diretoria. ,Concluído,Caio ,,27/01/2024,07/02/2024,,,,R$ 650,R$ 650
,COMERCIAL ,5 Ampliar número de outros mercados ,"Compra de lista de leads (16.000 contatos) e inserção de vendedor Marcus, porém sem sucesso. Devemos contratar um vendedor plenum para realização de novas prospecções. ",Periódico,Caio ,,11/03/2024,,"O trabalho neste item é perídico, não sendo aplicável prazos finais. ",,,,
,COMERCIAL ,6 Ampliar número de clientes e shoppings ,"Contato realizado com 207 shoppings de administração própria e envio dos materiais, mas ainda sem efeito. Contatos realizados na Expo Shopping 2024 (2 contatos). Continuar realização de novos follow-ups",Periódico,Caio ,,27/01/2024,,"O trabalho neste item é perídico, não sendo aplicável prazos finais. ",,,,
,COMERCIAL ,7 Ampliação dos serviços DOS / GUT / Análise de Projetos,"Além dos 207 shoppings de adm própria, fazemos realizaremos visitas trimestrais nos clientes potenciais e reuniões online. ",Periódico,Caio ,,27/01/2024,,"O trabalho neste item é perídico, não sendo aplicável prazos finais. ",,,,
,COMERCIAL ,8  Ampliar varejo lucrativo ,"Realizada reunião com todos os shoppings da Multiplan, onde foram apresentadas propostas para os lojistas em PMOC e Análise de projetos. ",Concluído,Caio ,,14/05/2024,,,,,,
,COMERCIAL ,9 Planilha de precificação e propostas automatizadas,Desenvolver tabela de precificação e propostas automatizadas para melhor padronização e diminuíção do tempo https://drive.google.com/file/d/10thKUBLVko0CZx2lxEUzjSRlYWgYf7GD/view?usp=drive_link,Concluído,Caio ,,10/03/2025,19/06/2025,Este é um trabalho que terá recorrência na melhoria contínua das tabelas. ,,,,
,COMERCIAL ,10 Buscar fornecedores / parceiros (E),Projetistas / Topografia / Calculistas ,Não Iniciado,Caio ,1,,,,,,,
,COMERCIAL ,11  Rever escopo de serviços da BGF e focar no que realmente vale a pena (L),Fazer revisão do site junto com o Marco e trabalhar as informações para melhorar a venda dos serviços que realmente importam,Não Iniciado,Caio ,2,,,,,,,
,COMERCIAL ,12 Divulgar conhecimento da negociação e qualificação de clientes com os demais colaboradores (D),Fazer oficinas de treinamento no comercial e para os colaboradores que estejam interessados em aprender as técnicas utilizadas. ,Não Iniciado,Caio ,3,,,,,,,
,COMERCIAL ,11 Desenvolver envio de follow-up direto pela tabela,"Verificar códigos para envio de follow-up automáticos, sem a necessidade de criar e-mails e reduzir o tempo",Concluído,Caio ,,10/03/2025,20/03/2025,"Identificamos que este envio automatizaado não faria sentido, visto que perderíamos o controle via Omie ou geraria retrabalho para repassar as informações, principalmente em períodos de grande movimentação. Com isso, decidimos cancelar esta oportunidade. ",,,,
,COMERCIAL ,12 Elaborar modelo de cliente oculto,"Definir modelo de cliente oculto para as principais soluções que oferecemos (Análise de projetos, elevadores, vistorias prediais, SPDA, Análise da Qualidade de energia)",Concluído,Caio ,,10/05/2025,20/06/2025,Realizado levantamento primário dos serviços e estamos aguardando avaliação da diretoria para que possamos seguir com as devidas tratativas e realização de outras tomadas de preços. ,,,,
,COMERCIAL ,13 Montar material Storytelling e jornada do cliente (Desenv. Pessoal),Montar material sobre a jornada do cliente dentro da BGF para que tenhamos mais clareza dos passos e de como podemos melhorar. ,Concluído,Caio ,,,,Elaboramos dinâmicas dentro do setor para refletir outras formas de podermos desenvolver táticas de comunição e comercial. ,,,,
,COMERCIAL ,14 Boot WhatsApp,Adquirir Boot WhatsApp para que possamos administrar os contatos com os clientes,Concluído,Caio ,,01/01/2025,15/02/2025,,,,"R$ 1.000,00","R$ 850,00"
,COMERCIAL ,15 Elaborar cronograma de visitas técnicas com os clientes,Cronograma trimestral de visitas e reuniões com os clientes potenciais. ,Periódico,Caio ,,21/02/2025,,"Como o item é periódico, não se aplicam prazos de término para esta tarefa. ",,,,
,GUT/ DOS ,1. Integração com setor técnico.,Treinamento de colaboradores de forma pontual (ênfase em novos colaboradores). Ex.: Multiplan,Iniciado,Victor,,28/02/2025,,"- Até 07/2025 não houve o treinamento pontual de colaboradores fora do GUT auxílio pontual em demandas da área, ponto a ser observado.

Hoje 10/2025, possibilidade de processo diante da demanda de ""Certificação GUT"" podendo ser um bom intercâmbio de informações entre os setores de Backoffice e GUT.",-,-,0,
,GUT/ DOS ,2. Automatizar os sistemas a coleta e extração de dados;,Criar método de extração da Plataforma para GUT/DOS que minimize modificações manuais. Ex.: Multiplan,Iniciado,Victor,1,10/04/2024,31/12/2025,"Otimização da base dados que é utilizada no Looker Studio (material - Relatório de Performance):

OK: Acompanhamentos realizados via Plataforma BGF;
Observação: Houveram melhorias no processo DOS, realizado na Plataforma da Alqia;

Pendente:Levantamento (a definir data) deste primeiro processo ocorrer diretamente, sem criação do controle (Google Sheets) via Plataforma BGF.

Hoje (10/2025): O processo permanece em ""standby"" por viabilidade do processo, e prioridade, visto que no momento, o processo existente atende o Setor.",-,-,A depender do nível de implantação,
,GUT/ DOS ,3. GUT presente em campo / backoffice.,Presença de colaboradores da área em campo e em auxilio as áres de backoffice.,Concluído,Victor,3,28/02/2025,31/12/2025,Levando em consideração a ida do Bruna/Éricles para projetos.,-,-,0,
,GUT/ DOS ,4. Criação e melhoria de produtos da área (GUT/DOS/PMP),"Estudo de demandas dos clientes/mercado, melhoria de funcionalidades da Plataforma BGF (via TI)",Periódico,Victor,2,05/02/2024,,"Feito:
- Elaborado o Relatório de Performance para os clientes Cidade Center Norte (PMP, denominado como ""SLA-MSC"" pelo cliente);
- Elaborado o Relatório de Performance GUT ""Padrão"" para clientes pilotos e novos no processo de acompanhamento.

Pendente:
- Está sendo verificada a elaboração de novos materiais do Relatório GUT e Relatório DOS, de forma a reduzir a quantidade de páginas, porém, mantendo a qualidade de informações presente hoje.

Hoje (10/2025) não foi possível a realização das tarefas pendentes por conta do volume de demanda atual.",-,-,0,
,GUT/ DOS ,5. Materiais internos BGF,Realizar estudos internos para auxílio de visualizações informações para setores como: Comercial e Backoffice.,Não Iniciado,Victor,,28/02/2025,,"- Baixa prioridade;
- Tempo de desenvolvimento e necessidade dos demais setores da empresa.

Hoje (10/2025) não há viabilidade para realização da tarefa, é necessário achar um período no ano mais ""leve"" para tal atividade ser o foco central daquele determinado período, visto que envolverá outras áreas da empresa.",-,-,A depender do nível de implantação,
,GUT/ DOS ,6. Tempo de avaliação x novas demandas,"Identificar os gargalos referentes ao tipo de acompanhamento, e baseado nisso, diminuir o tempo de avaliação de acompanhamentos sem calendário fixo como o GUT.",Iniciado,Victor,,11/08/2025,,"Levantar estimativa de tempo durante os meses anteriores, e definir meta (quantidade de dias a reduzir).

Hoje (10/2025) foi observada que a tarefa do PMP Alqia possui maior potencial de melhoria, porém, é necessário uma medição até o final do ano (virada do calendário até 01/2026) para melhor compreensão do que pode ser melhorado no processo.",,,,
,GUT/ DOS ,7. Implantação de períodos de desenvolvimento interno (melhoras de ferramentas),"Baseado na tarefa acima, que visa otimizar os acompanhamentos, definir cronogramas para período de desenvolvimento de ferramentas utilizadas pela área (levando em conta todo o ciclo presente nos acompanhamentos em questão).",Iniciado,Victor,,11/08/2025,,"Ajuda a viablizar as atividades das tarefas 4 e 5.

Hoje (10/2025) foram adotadas as bases ""Bases de Prioridade"" para ferramentas como DOS e PMP, o intuito é facilitar a consulta de análise que podem ser ""repetitivas"" usando o que já foi avaliado como referência para futuras avaliações.",,,,
,ANÁLISE DE PROJETOS,1 Iniciar o planejamento para o setor e definir Gestão  ,"Adotamos a prática de monitoramento diário das demandas da semana, conseguindo assim, prever algumas situações e tomar decisões mediante a isso.",Concluído,Alexandre/Vanessa ,,-,Contínuo,Encaminhamos o print de pelo menos 3 dias do cronograma da planilha ,-,-,0,0
,ANÁLISE DE PROJETOS,2 Melhorar a comunicação interna,"Reuniões com os clientes são feitas sempre com mais de uma pessoa, para não concentral informação em apenas uma pessoa, e as pautas abordadas na reunião são passadas a todos imediatamente ao termino da reunião. ",Concluído,Alexandre/Vanessa ,,-,Contínuo,Trabalhamos em call e criamos grupo no whatsapp com a equipe ,-,-,0,0
,ANÁLISE DE PROJETOS,3 Comunicação com o cliente,"A Comunicação com os clientes aumentou, procuramos responder suas dúvidas diariamente, não postergando respostas por email e whatsapp.",Concluído,Alexandre/Vanessa ,2,-,Contínuo,Estamos realizando reuniões semanis com os clientes e grupos no whatsapp,-,-,0,0
,ANÁLISE DE PROJETOS,4 Treinamentos,Hoje todos os que estão disponíveis foram treinados.,Concluído,Alexandre/Vanessa ,,01/12/2023,20/01/2024,Foram realizados todos os treinamentos necessários para capacitação da equipe ,-,-,0,0
,ANÁLISE DE PROJETOS,5 Aprofundamento das disciplinas.,"As disciplinas mais recorrentes foram aprofundadas, porém restam dúvidas sobre disciplinas mais complexas.",Concluído,Alexandre/Vanessa ,,-,Contínuo,Estamos realizando treinamentos mensais ,-,-,0,0
,ANÁLISE DE PROJETOS,6 Trazer mais pessoas,"Vinheram duas pessoas de outras equipes, onde estão ajudando até iniciar a demanda do outro setor.",Não Iniciado,Alexandre/Vanessa ,3 (pela vanessa),-,-,A equipe está apenas com 2 colaboradores e 2 reservas,-,-,0,0
,ANÁLISE DE PROJETOS,7 Deixar análise de projetos rodando 100%.,"No começo do ano, período de baixa demanda, foi dada prioridade a capacitação e treinamentos para os colaboradores. ",Iniciado,Alexandre/Vanessa ,1,-,-,Aplicar treinamento aos colaboradores da área ,-,-,0,0
,ANÁLISE DE PROJETOS,8. Automatização da planilha existentes de projetos,,Não Iniciado,Alexandre/Vanessa ,3 (pelo flávio),,,Desenvolvimento da IA,,,,
,ANÁLISE DE PROJETOS,9. Atualização da LV,Atualizar as LV's e procedimentos para tornar o processo de preenchimento mais dinâmico ,Não Iniciado,Alexandre/Vanessa ,,,,,,,,
,ANÁLISE DE PROJETOS,10. Prazos de entrega das análises,Revisão dos prazos de entrega das análises com a adição da modalidade de prioridade no mesmo dia de recebimento dos arquivos (eventos),Não Iniciado,Alexandre/Vanessa ,,,,Alinhar com o comercial e financeiro ,,,,
,ANÁLISE DE PROJETOS,11. Organizar as demandas dos novos clientes (Grandes Edificios),"Todos os dias as demandas dos clientes que nos mandam um grande número de projetos é alinhada, para que possamos prever o dia de entrega e adiantar os projetos se necessário. O ideal seria fragmentar essa demanda ao longo da semana.",inicado,Alexandre/Vanessa ,,,,"Novos clientes como a BrookField nos encaminham todos os projetos no mesmo dia, o que acaba saturando o dia de entrega desses projetos com as demandas já existentes, alem disso realizamos reuniões semanais com os clientes. ",,,,
,ANÁLISE DE PROJETOS,12. Realizar encontros mensais da equipe,"Pelo menos uma vez ao mês a equipe se reunir para levantar ideias novas sobre o setor, revisar o que foi feito no mês anterior, ajustar prioridades e definir metas claras para o próximo mês. ",Periódico,Alexandre/Vanessa ,,,,"Um encontro mensal de equipe pode fazer muita diferença na produtividade, motivação do grupo, bem como estimular o senso de pertencimento e promover integração entre pessoas de diferentes áreas.",,,,
,OPERAÇÕES,1.Treinamento para colaboradores temporários.,"Foram realizados treinamentos para todos os colaboradores envolvidos no projeto da Multiplan, visando a interdisciplinalidade entre as áreas. Posteriormente, todas as equipes se reuniram para treinamentos sobre testes e utilização de equipamentos. Na área de projetos realizamos avaliações de desempenho e treinamentos sobre cada disciplina. ",Concluído,Líderes de Backoffice,,09/01/2024,Trabalho continuo,"Sugestão Reunião Geral 05/02 - Utilização de vídeos em treinamentos recorrentes; Em tempos de baixa demanda realizar um intercâmbio entre os colaboradores de áres diferentes para que haja uma aplicação prática, pois nos treinamentos gerais não são realizadas avaliações e nem é praticado o que é dado de forma teórica e resumida.",---,---,---,---
,OPERAÇÕES,Trabalhar por projeto (PLANO DE DESENVOLVIMENTO INTERDISCIPLINAR),Avaliar as demandas da área e auxiliar nas outras equipes de acordo com a viabilidade de trabalho e entregas,Periódico,Líderes de Backoffice,,22/09/2025,Trabalho continuo,,,,,
,OPERAÇÕES,TODOS IREM PARA CAMPO E FAZER RELATÓRIOS / APRENDER A MEXER NO APP,Realizar treinamento para todos aprenderem a mexer no app,Não Iniciado,Líderes de Backoffice,,24/11/2025,,,,,,
,OPERAÇÕES,2.Novo conceito de organização no escritório,"Disseminar os encontros de liderança entre os demais colaboradores, para que haja uma interação coletiva e sensibilize a todos sobre as ações de seu próprio comportamento que impacta a empresa em geral. Com a ajuda dos livros pode ajudar a ter ideias.",Concluído,Alta direção / Líderes de Backoffice,,03/10/2025,03/10/2025,"Necessita de uma atenção maior, pois está relacionado a cultura da empresa, visto que as ações dos colaboradores mais antigos influenciam nas atitudes dos mais novos. Estão sendo realizadas reuniões gerais com todos os colaboradores, porém as mesmas poderiam abordar temas de comportamento e consequências.",---,---,---,---
,OPERAÇÕES,3.Plano de engajamento dos Engenheiros ,"Foi dada maior autonomia e liberdade para os lideres das equipes em gerenciar colaboradores de acordo com as demandas, sempre visando a interação entre as áreas e comunicando a todos sobre as decisões e pedindo opinião. ",Concluído,Nayara ,,13/08/2025,16/09/2025,Sugestão Reunião Geral 05/02 - Na visão da maioria está funcionado de forma efetiva.,---,---,---,---
,OPERAÇÕES,4.Melhoria no bem estar dos colaboradores,"Ouvir as ideias de melhoria, com a participação da equipe de TI fazendo relatorio para otimizar os processos. Sugestão Reunião Geral 05/02 - Está sendo investido em ergonomia e eventos para juntar todos de forma descontraída.",Periódico,Alta direção,,---,---,Foi implementado o Totalpass academias também em vistorias. Foi realizada também a pesquisa de clima e serão realizados bate-papos com os colaboradores para entender suas necessidades.,---,---,"TotalPass (aproximadamente R$ 1.000,00 por mês) ",
,OPERAÇÕES,6.Criar Plano B para atender demandas ,Avaliação dos clientes mais críticos e e prioridades,Concluído,Líderes de Backoffice,,---,---,Sugestão Reunião Geral 05/02 - Contratação de estagiários com antecedência para atender as altas demandas e interdisciplinaridade entre os colaboradores.,---,---,---,---
,OPERAÇÕES,7.Criar Plano C,Verificar a dispobilidade dos colaboradores antigos para atender as demandas,Concluído,Líderes de Backoffice,,---,---,,---,---,---,"Deve ser estudado caso a caso, pois o custo da contratação do colaborador que não faz parte da folha mensal, pode fugir do custo acordado para o projeto"
,OPERAÇÕES,8.Levar mais os estagiários para auditoria,Pendente apenas com os colaboradores de análise de projetos,Concluído,Líderes de Backoffice,,---,---,"Sugestão Reunião Geral 05/02 - Levar os colaboradores de TI, comercial e GUT para auditoria",---,---,---,---
,OPERAÇÕES,9.Melhorar follow up (estética e visibilidade das demandas principalmente para colaboradores homeoffice),Está sendo realizada a construção de uma novo follow up pelo setor de TI em conjunto com o Adrian.,Iniciado,Nayara / Setor de TI,1,---,---,"- Criar aba com visualização por disciplina/colaborador; Sugestão Reunião Geral 05/02 - As informações relevantes (Due Diligence, Laudo, Custo, GUT, Checklist e etc) do escopo virem para o follow up de forma automática do setor comercial.",---,---,US$ 5.00/ por colaborador,---
,OPERAÇÕES,"10.Utilização de metodologia SCRUM, mas com a inclusão de co-líderes em cada área e atribuindo responsabilidades a todos;
",,Concluído,Nayara ,,,,,,,,
,OPERAÇÕES,11.Comprometimento com a melhoria contínua dos processos,,Concluído,Nayara ,,,,,,,,
,OPERAÇÕES,"12.Padronização de temas em comum nos relatórios entre todas as áreas
",,Concluído,Nayara ,,,,,,,,
,OPERAÇÕES,"13.Autonomia para as equipes trabalharem, direcionando os membros das equipes para os relatórios serem mais efetivos;
",,Concluído,Nayara ,,,,,,,,
,OPERAÇÕES,"14.Cooperação e sinergia entre as equipes e tomadas de decisão em conjunto em momentos de “caos”
",,Concluído,Nayara ,,,,,,,,
,OPERAÇÕES,"15.Lidando com os conflitos, para que não interfiram nos resultados;
",,Concluído,Nayara ,,,,,,,,
,OPERAÇÕES,"16.Estando abertos à novas ideias, tecnologias e formas de trabalhar;
",,Concluído,Nayara ,,,,,,,,
,OPERAÇÕES,"17.Incentivar os colaboradores a realizarem auditorias de forma autônoma e revisarem os relatórios sem uma segunda verificação, contribuindo para a redução de retrabalho.
",,Concluído,Nayara ,,,,,,,,
,OPERAÇÕES/ELÉTRICA,18.Inclusão de fluxograma descritivo do sistema elétrico;,,Concluído,Gabriel/Juciele,,,,,,,,
,OPERAÇÕES/ELÉTRICA,19.Inclusão do quantitativo de equipamentos nos relatórios de elétrica e grupos geradores;,,Concluído,Gabriel/Juciele,,,,,,,,
,OPERAÇÕES/ELÉTRICA,"20.Textos introdutórios por locais, facilitando a compreensão e melhorando a estética do relatório;",,Concluído,Gabriel/Juciele,,,,,,,,
,OPERAÇÕES/ELÉTRICA,"21.Textos introdutórios em itens repetitivos, deixando o relatório mais sucinto;",,Concluído,Gabriel/Juciele,,,,,,,,
,OPERAÇÕES/ELÉTRICA,22.Criação de campo específico para inclusão dos trechos normativos citados no relatório;,,Concluído,Gabriel/Juciele,,,,,,,,
,OPERAÇÕES/ELÉTRICA,23.Relatórios de certificação de clientes recorrentes;,,Concluído,Gabriel/Juciele,,,,,,,,
,OPERAÇÕES/ELÉTRICA,24.Relatório de insumos via Aplicativo BGF.,,Concluído,Gabriel/Juciele,,,,,,,,
,OPERAÇÕES/CIVIL,"25.Alteração da ordem de prioridade nos relatórios, acelerando a elaboração;",,Concluído,Matheus Freitas,,,,,,,,
,OPERAÇÕES/CIVIL,26.Atualização do laudo de acessibilidade;,,Concluído,Matheus Freitas,,,,,,,,
,OPERAÇÕES/CIVIL,27.Inclusão dos testes nos sanitários acessíveis;,,Concluído,Matheus Freitas,,,,,,,,
,OPERAÇÕES/CIVIL,28.Inclusão dos testes nos sanitários acessíveis;,,Concluído,Matheus Freitas,,,,,,,,
,OPERAÇÕES/CIVIL,29.Implementação de tabelas nos testes de SDCI;,,Concluído,Matheus Freitas,,,,,,,,
,OPERAÇÕES/CIVIL,30.Testes químicos nos laudos estrutural e civil;,,Concluído,Matheus Freitas,,,,,,,,
,OPERAÇÕES/CIVIL,31.Verificação aérea com drone;,,Concluído,Matheus Freitas,,,,,,,,
,OPERAÇÕES/CIVIL,32.Atualização no fluxograma descritivo dos sistemas de Hidráulica e Incêndio.,,Concluído,Matheus Freitas,,,,,,,,
,OPERAÇÕES/MECÂNICA,"33.Maior detalhamento em auditoria (todos equipamentos, ""inventário, testes)",,Concluído,Vhagson/Luan,,,,,,,,
,OPERAÇÕES/MECÂNICA,"34.Maior detalhamento nos rellatórios (fluxogramas, tabelas)",,Concluído,Vhagson/Luan,,,,,,,,
,RECURSOS HUMANOS,"1. Desenhar organização, com organograma fixo e móvel","Desenhar como somos | Desenhar como queremos ser e um organograma móvel
Atividade iniciada pelo setor administrativo, com a descrição / categorização / prazo das atividades",Iniciado,Beatriz F. | Pedro,1,23/02/2024 + 08/03/2024,29/08/2025,"Livro: Empresa Orgânica - Jair Moggi        Envio do organograma circular-radial-celular para análise em 05/05/2025, 21/05/2025 (reunião) e 17/07/2025 (atualização)",---,---,---,---
,RECURSOS HUMANOS,2. Propor descrições de cargo e das posições e incluir conceito Scrum,"Entrevistando e depois compilando as informações coletadas
Atividade iniciada pelo setor administrativo, com a descrição / categorização / prazo das atividades",Iniciado,Pedro,---,26/04/2024,30/09/2025,---,---,---,---,---
,RECURSOS HUMANOS,3. Eficiência energética e projetos,"Contratação do Augusto Noce Volkmer e realização de reuniões entre ele, o Flávio e a Nayara",Concluído,Flávio | Nayara | Pedro,---,19/02/2024,31/12/2024,---,---,---,---,---
,RECURSOS HUMANOS,4. Retenção dos bons,"Conversas mais empáticas, feedbacks transparentes / construtivos e valorização",Periódico,Flávio | Nayara | Pedro,---,01/01/2024,31/12/2024,---,---,---,---,---
,RECURSOS HUMANOS,5. Procurar novos parceiros e novas fontes,"Visita em instituições de ensino, indicações de colaboradores e novos canais de divulgação etc
Uninove Santo Amaro | Senai Ary Torres | Etec Takashi Morita | Senai Paulo Ernesto Tolle | Ítalo Brasileiro",Concluído,Pedro,---,08/08/2022,31/12/2024,---,---,---,---,---
,RECURSOS HUMANOS,"6. Elaborar/disponibilizar novos comunicados internos, como assédio e CIPA",Elaborar/disponibilizar os comunicados,Concluído,Pedro,---,01/01/2024,31/12/2024,---,---,---,---,---
,RECURSOS HUMANOS,7. Organizar os processos seletivos solicitados e incluir novas atividades e dinâmicas nas etapas das seleções,"Cadastrar/divulgar vagas em novos meios (Yduqs/Estácio + Unisa | Ítalo, Senac, Senai, Anhembi, Uninove, Unisa, Cruzeiro, Estácio, Unip) e pesquisar/testar/adotar novas atividades/dinâmicas",Concluído,Pedro,---,07/03/2025,31/07/2025,"Cadastro Conecta Unisa / Encontre Sua Vaga - Yduqs - Estácio (reunião em 03/06/2025) / Senac Carreiras / Ulife - São Judas Tadeu - Anhembi Morumbi (Ânima Educação) / Banco de Talentos Crea-SP                                      Aproximadamente 300 candidatos(as) contactados(as), incluindo Nube, LinkedIn, faculdades, processos anteriores e indicações, com aproximadamente 40 entrevistas individuais agendadas                                                  Utilização massiva do WhatsApp nas etapas do processo seletivo                               Dinâmica em Grupo (Perguntas ""Bate e Responde"" / ""Apresentação"" / ""Continuando Palavras"" / ""Expressando Opiniões"") + Kit                                                                             Testes com 7 (sete) candidatos(as)                                                       Contratação de 4 (quatro) estagiários(as)                     Palestra Introdutória/Onboarding                                            Montagem/disponibilização Kit Onboarding",---,---,---,---
,RECURSOS HUMANOS,8. Elaboração do documento de “Partes Interessadas (Stakeholders)”,"Definição das partes interessadas, das necessidades / expectativas e da forma de atendimento",Concluído,Pedro,---,21/02/2024,10/03/2024,---,---,---,---,---
,RECURSOS HUMANOS,9. Comunicados internos: “AÇÕES PARA UM AMBIENTE CORPORATIVO MAIS SAUDÁVEL” e “JUNTOS PELA SAÚDE E SEGURANÇA NO TRABALHO”,Tempo disponível e utilização de outras referências,Concluído,Pedro,---,12/03/2024 + 30/08/2024 + 08/09/2024,13/03/2024 + 30/08/2024 + 09/09/2024,---,---,---,---,---
,RECURSOS HUMANOS,"10. Documentos: “CIPA”, “DISPOSIÇÕES ANTICORRUPÇÃO E ANTISSUBORNO” e “PRIVACIDADE E PROTEÇÃO DE DADOS PESSOAIS E DE CLIENTES”",Pesquisas normativas e adequação de documentos de referência,Concluído,Pedro,---,12/03/2024 + 31/07/2024,13/03/2024 + 29/08/2024,---,---,---,---,---
,RECURSOS HUMANOS,11. Novos restaurantes conveniados,"Pesquisas, prospecções, visitas, reuniões e negociações com novos restaurantes na região",Iniciado,Pedro,2,28/04/2025 + 12/05/2025 + 18/07/2025,29/08/2025,---,---,---,---,---
,RECURSOS HUMANOS,12. Elaboração de indicadores do RH,"Indicadores de admissões, rescisões, integrações por mês e do turnover da empresa                                                                                                                         Indicadores mensais dos restaurantes",Iniciado,Pedro,3,21/07/2025,15/08/2025,---,---,---,---,---
,JURÍDICO,1. Ampliação na assinatura de contratos dos serviços prestados,"Formalização nas aprovações e elaboração / simplificação dos modelos, do quadro resumo e do contrato guarda-chuva",Concluído,Pedro,---,01/01/2024,31/12/2024,---,---,---,---,---
,JURÍDICO,2. Atualização do Informativo Jurídico e elaboração do Acordo de Confidencialidade,Atualização do Informativo Jurídico com a informação do Seguro de Responsabilidade Civil Profissional e a inclusão do texto da Reforma Tributária / Elaboração do modelo de NDA - Non Disclosure Agreement (Acordo de Confidencialidade),Concluído,Pedro,---,19/05/2025 + 08/07/2025,19/05/2025 + 17/07/2025,---,---,---,---,---
,JURÍDICO,3. Reforma tributária e adequações contratuais,Entendimento da reforma tributária e adequação/elaboração/inclusão de cláusulas contratuais / comerciais,Iniciado,Pedro | Lilian,---,20/03/2025 + 24/04/2025,31/12/2025,"Elaboração da ""observação"" incluída nas propostas e palestra Sinaenco",---,---,,
,JURÍDICO,4. Elaboração de indicadores do Jurídico,Indicadores de contratos/aditivos/distratos/termos assinados por mês e de reajustes aplicados/enviados,Iniciado,Pedro,3,21/07/2025,15/08/2025,---,---,---,---,---
,OUTRAS ATIVIDADES,1. Cadastro: Controle de Transporte de Resíduos Eletrônico x Autoridade Municipal de Limpeza Urbana x SP REGULA,"Pesquisa normativa e contatos telefônicos com a prefeitura, com auxílio da Lilian e da Ágil",Concluído,Pedro,---,03/09/2024,12/09/2024,---,---,---,---,---
,OUTRAS ATIVIDADES,2. Obtenção do Certificado de Licenciamento Integrado (CLI),"Pesquisa normativa e preenchimento de formulários, com auxílio da Lilian e da Ágil",Concluído,Pedro,---,10/05/2024,22/05/2024,---,---,---,---,---
,OUTRAS ATIVIDADES,3. Renovação do Seguro de Responsabilidade Civil Profissional (E&O),Pesquisa e ampliação na quantidade de corretoras cotadas,Concluído,Pedro,---,04/04/2025,07/05/2025,ALPER / FELTON / GALLAGHER / JLZ / VOKAN / WTW,---,---,"Prêmio Total                                                                                              2019/2020 x 2025/2026 = -38,92%                                 2023/2024 x 2025/2026 = -17,05%                            2024/2025 x 2025/2026 = -1,42%",
,OUTRAS ATIVIDADES,4. Contratação do cadastro das indústrias do estado de São Paulo (aprox. 16 mil indústrias),"E-mail, contato telefônico/WhatsApp e negociação com o Cadastro Industrial Brasil",Concluído,Pedro,---,12/04/2024,30/04/2024,---,---,---,---,---
,OUTRAS ATIVIDADES,5. Negociação e inclusão de novos restaurantes conveniados (Oba Oba e Bar da Chácara),"Prospecção de novos restaurantes na região e negociação do valor, com auxílio da Lilian",Concluído,Pedro,---,07/03/2024 + 05/08/2024,01/04/2024 + 12/08/2024,---,---,---,---,---
,OUTRAS ATIVIDADES,"6. Pesq. de legislações e atualizações normativas: inspeção predial, autovistoria, 38 NRs e NBR 17019","Pesq. de legislações e atualizações normativas: inspeção predial, autovistoria, 38 NRs e NBR 17019",Concluído,Pedro,---,29/07/2024 + 02/09/2024 + 05/12/2024,"Tempo estimado entre 3 e 5 dias, em média",---,---,---,---,---
,OUTRAS ATIVIDADES,7. Cadastro Petrobras: PORTAL PETRONECT + MINHA PETRONECT com aprovação dos critérios “legal” e “linha de fornecimento” + Atualização Cadastral,"Leitura de manuais, preenchimento de formulários, elaboração de documentos etc",Iniciado,Pedro,---,31/07/2024 + 28/10/2024 + 09/01/2025 + 17/03/2025 + 28/04/2025 + 27/05/2025 + 30/06/2025 + 01/07/2025,31/12/2025,"Critérios ""Econômico"" e ""Integridade""                                                     Disponibilização do Balanço Patrimonial e da DRE de 2024                                                                  Atualização do Ativo",---,---,---,---
,OUTRAS ATIVIDADES,"8. Finalização da entrega dos relatórios dos lojistas dos 19 shoppings da Multiplan, 5064 relatórios","Gerenciamento equipes/entregas, comunicação com a holding e com os shoppings, com auxílio de toda a equipe",Concluído,Pedro,---,01/01/2024,12/04/2024,---,---,---,---,---
,OUTRAS ATIVIDADES,9. Gerenciamento da disponibilização da documentação pelos 11 shoppings da Terral e para os parceiros,"Elaboração e preenchimento de planilha, follow ups internos e externos, com auxílio do Victor, Bruna, Lucas e Thiago",Concluído,Pedro,---,04/10/2024,31/12/2024,---,---,---,---,---
,OUTRAS ATIVIDADES,10. Cadastro na GOL - VOEBIZ + PORTAL EMPRESAS - AZUL - VOEAZUL + LATAM CORPORATE + ACCOR - ALL - ACCOR LIVE LIMITLESS,"Pesquisa/leitura das informações de cadastramento, cadastro, elaboração/envio das documentações, expedição de documentos e certidões atualizadas",Concluído,Pedro,---,23/12/2024,31/12/2024,Envio dos documentos por e-mail em 17/04/2025,---,---,---,---
,OUTRAS ATIVIDADES,"11. Auditoria interna do SGI no ADM | Webinar Oitchau ""A Nova Era da NR-1 e da Gestão de Pessoas"" | Reunião Ocupacional SS ""Risco Psicossocial - Atualização NR1"" | Palestra Sinaenco ""Saúde e Segurança: Atualização NR1 e CIPA"" | Webinar Bureau Veritas ""Sustentabilidade conectada aos Sistemas de Gestão"" | Certification Talks Bureau Veritas ""O que esperar da ISO 9001:2026?"" | Homologação/Aprovação do Carrefour na plataforma G-Certifica | Webinar Bureau Veritas ""Principais Mudanças e Gestão dos Riscos Psicossociais"" | Entrevista Presencial Beatriz F. e Bruna | Revisão do modelo de relatório Due Diligence XP | Questionário ESG - Fornecedores Iguatemi | Reunião Berrytech + Financeira | Apresentação ""Agenda BGF"" | Masterclass Ius Natura ""Um Dia a Mais | NR 01 e sua importância na Saúde e Segurança do Trabalho""",Atualizar / revisar / preencher documentos diversos,Concluído,Pedro,---,05/05/2025 + 14/05/2025 + 20/05/2025 + 29/05/2025 + 06/06/2025 + 10/06/2025 + 03/06/2025 + 17/06/2025 + 25/06/2025 + 03/07/2025 + 04/07/2025 + 23/07/2025 + 23/07/2025 + 24/07/2025,06/05/2025 + 14/05/2025 + 20/05/2025 + 29/05/2025 + 06/06/2025 + 10/06/2025 + 11/06/2025 (aprovação) + 17/06/2025 + 25/06/2025 + 03/07/2025 + 11/07/2025 + 23/07/2025 + 25/07/2025 + 24/07/2025,---,---,---,---,---
,QUALIDADE,1. Melhorar qualidade dos relatórios,Adoção / revisão das ações padrões e outras melhorias na coleta e na elaboração,Iniciado,Flávio | Pedro,4,03/02/2025,29/08/2025,Adrian Tsallis,---,---,---,---
,QUALIDADE,2. Padronização / checklist,"Desenvolvimento e utilização de checklist, exemplo, na Multiplan (termografia | casa de máquinas)",Iniciado,Flávio | Pedro,---,17/07/2023,31/10/2025,---,---,---,---,---
,QUALIDADE,3. Treinamento equipe,Cronograma de treinamentos,Concluído,Nayara | Beatriz | Pedro,---,21/01/2025,12/02/2025 + 13/02/2025,Shopping Pátio Higienópolis,---,---,---,---
,QUALIDADE,4. Visual mais clean,"Interface entre TI, SGI e Engenharia, exemplo, na Multiplan (GUT x Plataforma BGF Gerenciamento)",Iniciado,Flávio | Pedro,---,14/05/2024,28/11/2025,---,---,---,---,---
,ADMINISTRAÇÃO ,"1. OMIE Despesas ( Vex….)
",Colocar todas as despesas no omie.,Concluído,Beatriz,,01/02/2024,01/05/2024,,-,-,-,-
,ADMINISTRAÇÃO ,"2. Redução de Custos com Despesas 
","Utilizar os novos recursos de cadastros feitos pelo Pedro, para tentar atingir um custo melhor. Ex:  GOL - VOEBIZ + PORTAL EMPRESAS - AZUL - VOEAZUL + LATAM CORPORATE + ACCOR - ALL - ACCOR LIVE LIMITLESS",Periódico,Beatriz,2,01/07/2024,01/07/2025,,-,-,-,-
,ADMINISTRAÇÃO ,"3. Organização da logística
","Conversas diáriamente com a Nayara, para definir as pessoas, cronogramas e demais",Periódico,Beatriz,1,01/01/2024,,,-,-,-,-
,ADMINISTRAÇÃO ,"4. Trabalhar por projetos 
","Alocar todos as despesas por projetos no vexpenses, para que no omie seja mais visivel está ação",Concluído,Beatriz,,01/07/2024,01/11/2024,,-,-,-,-
,ADMINISTRAÇÃO ,5. Emissão da ND ,Ensinar a Leticia a emitir a ND. Porém somente em casos emergênciais.  ,Concluído,Beatriz,,01/07/2025,01/10/2024,,-,-,-,-
,ADMINISTRAÇÃO ,6. Compartilhar com comercial despesa ESTIMADO VS REAL,"Mostrar realmente o que foi estimado com que foi gasto, e detalhar os detalhes. ",Iniciado,Beatriz,3,15/01/2025,15/12/2025,,-,-,-,-
,SGI,1. Garantir certificação 2025,Cumprimento de todos os requisitos das normas ISO 9001 / ISO 14001 e ISO 45001.,Concluído,Juciele,,20/12/2023,08/03/2024,,15/01/2024,14/03/2024,"R$ 30.000,00",
,SGI,2. Revisitar todos os indicadores de desempenho,Analisar periodicamente se os objetivos e metas estão condizentes com a realidade da empresa e se de fato estão fornecendo parâmetros para melhoria contínua.,Periódico ,Juciele,,20/12/2023,07/02/2024,,20/12/2023,07/02/2024,"R$ 400,00",
,SGI,3. Treinar 100% do Escritório e 50% Engenheiros (Sugestão: ampliar meta de engenheiros),Incluir o máximo de pessoas nos treinamentos e rotinas do SGI,Concluído,Juciele,,18/04/2024,18/04/2024,,18/04/2024,18/04/2024,"R$ 1.400,00",
,SGI,"4. Ter mais dois auditores líderes com acreditação - RAC 
",Será realizado pelos colaboradores Pedro Henrique e Ana Newman. A instituição escolhida foi a Bureau Veritas por fornecer a acreditação RAC. Estamos em fase de negociação de valores para curso presencial.,Concluído,Juciele,,24/01/2025,,,01/07/2024,30/11/2024,"R$ 18.000,00",
,SGI,"5. Ampliar conceito do SGI
",Engajar o maior número de pessoas nas rotinas do SGI,Concluído,Juciele,,-,-,,-,-,-,-
,SGI,"6. Utilizar as ferramentas que temos efetivamente 
",Utilizar as planilhas online e plataformas que temos,Concluído,Juciele,,-,-,,-,-,-,-
,SGI,7. Cumprir os prazos do cronograma anual de forma assertiva,Estabelecer o cronograma e ser fiel as datas,Concluído,Juciele,,-,-,,-,-,-,-
,SGI,8. Campanha de conscientização - Meses e cores,Não apresentou boa performance durante as DR's. Será mantido em formato informativo (imagem) enviado por email.,Concluído,Juciele,,15/01/2025,,,15/01/2025,,,
,SGI,9. Plano anual de treinamentos,"Criar formulário de sugestões, definir os treinamentos mais relevantes e criar o plano anual",Concluído,Juciele,,15/01/2025,,,15/01/2025,,,
,SGI,"Publicar o primeiro Relatório Anual de Desempenho do SGI com resultados, metas e melhorias implementadas",Desenvolver o Relatório - 2025,,Juciele,1,31/10/2025,,,,,,
,SGI,Conquistar recertificação sem nenhuma não conformidade maior,Realizar pente fino no sistema para receber a auditoria externa,,Juciele,2,31/10/2025,,,,,,
,SGI,Engajar a liderança operacional na utilização do Plano de Gerenciamento de Gerenciamento de Ações,Melhorar a comunicação entre SGI e as lideranças operacionais,,Juciele,3,31/10/2025,,,,,,
,SGI,Realizar benchmarking (Análise Comparativa) com outra empresa certificada na ISO 9001 para identificar as melhores práticas do mercado e aprimorar nossos processos,Buscar parceiros dispostos a realizar a atividade,,Juciele,4,1º Sem 2026,,,,,,
,SGI,Promover pelo menos 1 campanha anual de conscientização ambiental interna. Por exemplo: Bate papo sobre ODS ONU,Definir tema e inserir no cronograma ISO,,Juciele,5,2026,,,,,,
,SGI,"Manter pelo menos 1 campanha anual de saúde com a palestrante Nelma da Mary Kay ou outra (ex: saúde mental, alimentação, cuidados com o bem-estar etc.) com a participação do pessoal de campo",Definir tema e inserir no cronograma ISO,,Juciele,6,2026,,,,,,
,SGI,Realizar consulta aos trabalhadores sobre temas para realização de simulação de emergência 2026,Elaborar formulário de consulta aos trabalhadores,,Juciele,7,1º Sem 2026,,,,,,
,DESENVOLVIMENTO,1. Manutenção x GUT,Estar disponível e monitorar a plataforma de logs (SLACK) para identificar e solucionar bugs. Grupo dedicado a suporte.,Periódico,Arysson,,-,-,,-,-,-,-
,DESENVOLVIMENTO,2. Buscar novas tecnologias para demandas atuais ,"Realização de estudos de mercado para compreender as necessidades dos clientes e testes de aplicabilidade para novas e emergentes tecnologias. EX: cursor, Dola AI.",Periódico,Arysson,2,-,-,,-,-,-,-
,DESENVOLVIMENTO,3. Automatização de processos,"Identificar processos repetitivos e manuais que possam ser automatizados por meio de scripts, além de verificar o funcionamento dos scripts já desenvolvidos.",Concluído/ Periódico,Arysson,,-,-,,-,-,-,-
,DESENVOLVIMENTO,4. Organizar Plataforma,Foi solicitado pelo GUT a exclusão\edição de abas para tipos de clientes diferentes.,Concluído,Arysson,,01/06/2023,,,-,01/08/2023,-,-
,DESENVOLVIMENTO,5. Conhecimento do APP de auditoria ,"Reuniões semanais são realizadas com o objetivo de compreender as funcionalidades e aprimorá-las, aprendendo na prática. ",Periódico,Arysson,3,16/01/2024,,,16/01/2024,-,,
,DESENVOLVIMENTO,6. Faturamento de análise de projetos,Fases de testes e realeases.,Iniciado,Arysson,,21/12/2022,,,01/11/2022,,,
,DESENVOLVIMENTO,7. Melhorias plataforma,Requisições de melhorias foram encaminhadas para todas as áreas da plataforma. Essas requisições estão sendo organizadas de acordo com a metodologia Scrum para serem implementadas em sprints de melhoria.,Periódico,Arysson,,,,,,,,
,DESENVOLVIMENTO,8. Fazer alteração de relatórios do Xavier,"Foi aprendido sobre a estrutura do banco de dados do aplicativo de auditoria e sobre a funcionalidade do Jasper para criar, alterar e modificar relatórios.",Concluído,Arysson,,16/01/2024,21/05/2024,,16/01/2024,21/05/2024,-,-
,DESENVOLVIMENTO,9. Alterar APP movel de Android,Topico constante nas reuniões com Xavier. é um item que já fazemos algumas alterações Complexas ,Concluído/ Periódico,Arysson,,,,,14/08/2024,,,
,DESENVOLVIMENTO,10. APP Com Backup com Google Drive ,Periodo de teste e releases,Concluído,Arysson,,,,,10/10/2024,,,
,DESENVOLVIMENTO,11. Aprendizado de  Maquina,Usar nosso acervo de informações para  ensinar a maquina afim de desenvolver serviços agregatorios,Iniciado,Arysson,,,,,17/12/2024,,,
,DESENVOLVIMENTO,12. SPCI e MSC,Implantar um sistema de gerenciamento de acordo com a demanda do cliente,Concluído,Arysson,,,,,,,,
,DESENVOLVIMENTO,12. Melhorias APP de Auditoria,"Aprender sobre o app, identificar erros e trazer melhorias",Iniciado,Arysson,,,,,19/12/2024,,,
,DESENVOLVIMENTO,13. BPM - Business Process Management (mapeamento de processos),"Identificando e listando processos da empresa, criando fluxos visuais. analisando pontos criticas e propondo soluções tecnologicas ex: auditorias, revisao",Periódico,Arysson,1,,,,,,,
,DESENVOLVIMENTO,14. Follow Up,Sistema de follow_up que permita a gestão das atividades da equipe de forma eficiente e contabilize o tempo demandado para cada atividade,Iniciado,,,,,,,,,
,DESENVOLVIMENTO,15. APP Coletor,Desenvolvimento de um novo app de coleta buscando facilitar e organizar melhor as informações da auditoria,Iniciado,,,,,,,,,
,TI,1. Massificar descarregamento,"Todos os colaboradores da equipe de TI agora dispõem de computadores destinados à transferência de dados para o servidor. Além disso, foram desenvolvidos scripts para automatizar processos que anteriormente eram realizados manualmente.",Concluído,Marco,,11/07/2023,15/11/2023,,,,0 R$,0 R$
,TI,2. Automatizar Back up Implantar NAS para back up na casa FF,"Periodicamente, as rotinas de backup são verificadas para assegurar a confiabilidade do sistema operacional dos servidores e a integridade dos arquivos. NAS adquirido, falta implantar na casa do FF",Concluído,Marco,2,24/11/2024,15/02/2025,,,,"R$ 14.000,00","R$ 13.000,00"
,TI,3. Eliminar trabalho de fim de semana e noturno,"Em situações normais, o trabalho aos finais de semana e feriados foi quase completamente eliminado. No entanto, em casos especiais, pode ser necessária a presença de um membro da equipe para realizar a manutenção de algum equipamento ou para executar um projeto que não pode ser realizado durante a semana.",Concluído,Marco,,11/01/2023,25/01/2023,,,,-,-
,TI,4. Auto suficiência,"Alguns problemas, como falhas na internet, questões físicas nos servidores ou erros no aplicativo de auditoria, dependem de terceiros para serem resolvidos. Além disso, são eventos periódicos e de difícil previsão.",Periódico,Marco,,-,-,,,,-,-
,TI,5. Facilitar aprendizagem,"Periodicamente são ministrados treinamentos a respeito de novos processos que surgem ao longo do tempo dentro do setor, inclusive treinamentos em relação ao aplicativo de coleta e de desktop.",Periódico,Marco,3,-,-,,,,0 R$,0 R$
,TI,6. Procedimentos mais simples e objetivos,"Os procedimentos de TI foram revisados com o objetivo de deixa-los mais simples e objetivos, porém ainda contam com muitos passos e processos. ",Concluído,Marco,,27/11/2023,-,,,,0 R$,0 R$
,TI,7. Servidor dedicado a VPN para evitar falhas,"Para resolver problemas de conexões via VPN, foi implementado um servidor dedicado exclusivamente às conexões dos colaboradores em regime de home office.",Concluído,Marco,,27/12/2023,23/02/2024,,,,"R$ 29.306,00","R$ 24.160,01"
,TI,8. Verificar armazenamento ,Acessar dados em nuvem e armazenamento de hds,Periódico,Marco,,,,,,,,
,TI,8. monitorar recursos do antivirus,Sempre monitorar recusos do nosso antivirus visando segurança para rede ,Periódico,Marco,,,,,,,,
,TI,9. Aumentar confiabilidade no processo de extração de Auditoria ,"Todo o processo, incluindo a auditoria, foi analisado com o objetivo de eliminar erros. Além disso, foram adquiridos novos tablets mais modernos para a coleta de dados durante a auditoria, visando reduzir e mitigar falhas.",Periódico,Marco,1,,,,,,,
,TI,10. Inventario de equipamentos,Foi criada a opção de solicitação de equipamentos via plataforma utilizando o inventário desenvolvido pelo Arthur.,Concluído,Marco / Arysson,,,,Plataforma,,,,
,TI,11. Criptografar Senhas,Criptografamos nossas senhas coma  ajuda do softgware padloc. trazendo mais confiabilidade para empresa,Concluído,Marco,,28/12/2023,,,,,,
,TI,12. Gestão de ativos,Foram adquiridos novos equipamentos de auditoria ,Concluído,Marco,,,,,,,,
,TI,13. Documento de politica e privacidade BGF LGPD,Foi elaborado um documento de privacidade e segurança de rede para a empresa com foco na lei da LGPD,Iniciado,Marco,,,,Está em fase de aprovação.,,,,
,TI,14. Levantamento de itens de segurança de rede (Samir),Itens pertinentes a segurança de rede da BGF estão sendo executados para melhorias continuas no ambiente presencial/home office.,Iniciado,Marco,,,,,,,,
,TI,15. Reuniões semanais da coordenação x TI para alinhamento de projetos com progresso de cada um.,"São realizadas reuniões semanais com o Flávio, Nayara e a equipe de TI para alinhar os projetos que estão em andamento no momento. ",Periódico,Marco,,,,,,,,